id;mufredat_baslik;toplam_sure;bolum_sayi
1;Ergonomic infomediaries;Cliff Hat French;46495
2;Health;niches cross-platform Market;45938
3;structure;Dollar Frozen withdrawal;2098
4;syndicate;Plastic calculating state;5479
5;PNG HTTP;payment;53341
6;Beauty;Account;86661
7;parsing Accountability Buckinghamshire;Sheqel enhance orchestrate;72463
8;Plastic mission-critical infrastructures;Future multi-tasking generation;59814
9;full-range facilitate web-enabled;Mayotte Streets monitor;18167
10;bypass Beauty Generic;Nepalese monetize Metrics;37001
